step,loss,recon,kl,lr
1,0.8853424787521362,0.7867241501808167,0.09861832857131958,0.0001
2,1.6664658784866333,0.7878051996231079,0.8786606788635254,0.0001
3,0.9709740281105042,0.7777621746063232,0.1932118535041809,0.0001
4,0.9695487022399902,0.7741355299949646,0.19541317224502563,0.0001
5,0.9566292762756348,0.7712636590003967,0.18536558747291565,0.0001
6,0.9230791330337524,0.7724083662033081,0.15067073702812195,0.0001
7,0.8760274648666382,0.7629535794258118,0.1130739077925682,0.0001
8,0.8454041481018066,0.7645073533058167,0.08089680969715118,0.0001
9,0.8081591129302979,0.7647218108177185,0.04343729838728905,0.0001
10,0.7823955416679382,0.7603758573532104,0.022019658237695694,0.0001
11,0.7769904136657715,0.7511528134346008,0.025837618857622147,0.0001
12,0.7826418876647949,0.7532318234443665,0.029410071671009064,0.0001
13,0.7878748774528503,0.7467911243438721,0.04108372703194618,0.0001
14,0.7854320406913757,0.7483611702919006,0.0370708666741848,0.0001
15,0.7736039161682129,0.7422713041305542,0.03133262321352959,0.0001
16,0.7718948721885681,0.7428154945373535,0.0290793739259243,0.0001
17,0.7651175856590271,0.7425183057785034,0.02259928733110428,0.0001
18,0.7585700750350952,0.7427798509597778,0.015790220350027084,0.0001
19,0.7429502010345459,0.7340085506439209,0.008941631764173508,0.0001
20,0.7409460544586182,0.7321284413337708,0.008817598223686218,0.0001
21,0.7401717305183411,0.7337671518325806,0.006404604762792587,0.0001
22,0.7474961280822754,0.7359047532081604,0.01159140095114708,0.0001
23,0.7369805574417114,0.7234002947807312,0.013580232858657837,0.0001
24,0.7394418120384216,0.7282953858375549,0.011146418750286102,0.0001
25,0.7472606897354126,0.7287525534629822,0.018508143723011017,0.0001
26,0.7459680438041687,0.7267425656318665,0.01922549307346344,0.0001
27,0.7277905344963074,0.7191059589385986,0.00868460163474083,0.0001
28,0.7376427054405212,0.7282826900482178,0.009360037744045258,0.0001
29,0.7284899950027466,0.7241238951683044,0.004366088658571243,0.0001
30,0.7546565532684326,0.7170097231864929,0.037646837532520294,0.0001
31,0.7200899124145508,0.707564651966095,0.012525275349617004,0.0001
32,0.7180304527282715,0.7097463607788086,0.008284073323011398,0.0001
33,0.7362120747566223,0.719902753829956,0.016309328377246857,0.0001
34,0.7153820395469666,0.7079806923866272,0.007401321083307266,0.0001
35,0.7156503796577454,0.7057989835739136,0.009851410984992981,0.0001
36,0.7149880528450012,0.7037619948387146,0.01122608408331871,0.0001
37,0.7135235667228699,0.7076447010040283,0.005878876894712448,0.0001
38,0.7061623334884644,0.701214611530304,0.00494774803519249,0.0001
39,0.699763298034668,0.6947542428970337,0.00500907376408577,0.0001
40,0.7047638893127441,0.7014681696891785,0.003295730799436569,0.0001
41,0.696598470211029,0.688376784324646,0.008221697062253952,0.0001
42,0.7029694318771362,0.6942594647407532,0.008709941059350967,0.0001
43,0.7070995569229126,0.6989427804946899,0.008156772702932358,0.0001
44,0.6954440474510193,0.6917654871940613,0.003678537905216217,0.0001
45,0.6912015080451965,0.6884695291519165,0.002731993794441223,0.0001
46,0.6965218186378479,0.6896993517875671,0.00682247057557106,0.0001
47,0.6822221875190735,0.6802265644073486,0.001995641738176346,0.0001
48,0.6849454641342163,0.6826223134994507,0.002323143184185028,0.0001
49,0.686562180519104,0.6832861304283142,0.0032760649919509888,0.0001
50,0.6892305016517639,0.6812474131584167,0.007983069866895676,0.0001
1,0.8853424787521362,0.7867241501808167,0.09861832857131958,0.0001
2,1.6664655208587646,0.7878050804138184,0.8786603808403015,0.0001
3,0.9710046648979187,0.777766227722168,0.19323843717575073,0.0001
4,0.9695563912391663,0.7741300463676453,0.195426344871521,0.0001
5,0.956581711769104,0.771263062953949,0.18531861901283264,0.0001
6,0.9229201078414917,0.7723894715309143,0.15053066611289978,0.0001
7,0.8759652972221375,0.7629314064979553,0.11303389072418213,0.0001
8,0.845339298248291,0.7645126581192017,0.08082665503025055,0.0001
9,0.8082013130187988,0.764681875705719,0.04351946339011192,0.0001
10,0.7823182940483093,0.7602996826171875,0.02201863005757332,0.0001
11,0.7771133780479431,0.7512932419776917,0.025820136070251465,0.0001
12,0.7826037406921387,0.753263533115387,0.029340233653783798,0.0001
13,0.7877825498580933,0.7467610836029053,0.041021451354026794,0.0001
14,0.7853626012802124,0.7484827041625977,0.036879900842905045,0.0001
15,0.7734658718109131,0.7423561215400696,0.031109727919101715,0.0001
16,0.771965742111206,0.7428815960884094,0.02908417209982872,0.0001
17,0.7650272846221924,0.7424129247665405,0.02261434495449066,0.0001
18,0.7588456869125366,0.7428478002548218,0.015997886657714844,0.0001
19,0.7428846955299377,0.733967661857605,0.008917029947042465,0.0001
20,0.7408120632171631,0.7321634292602539,0.008648622781038284,0.0001
21,0.740216851234436,0.7338414788246155,0.006375361233949661,0.0001
22,0.7473350763320923,0.73586106300354,0.011473987251520157,0.0001
23,0.7364778518676758,0.7232839465141296,0.013193909078836441,0.0001
24,0.7393178343772888,0.7283197641372681,0.010998081415891647,0.0001
25,0.7471619844436646,0.72892165184021,0.018240351229906082,0.0001
26,0.7464194297790527,0.7269994616508484,0.019419971853494644,0.0001
27,0.7280811071395874,0.7193493247032166,0.008731771260499954,0.0001
28,0.7379330992698669,0.7283997535705566,0.009533334523439407,0.0001
29,0.7284998893737793,0.7242100834846497,0.004289776086807251,0.0001
30,0.7543865442276001,0.7171486020088196,0.037237972021102905,0.0001
31,0.7201356887817383,0.7075262665748596,0.012609392404556274,0.0001
32,0.7183698415756226,0.710016667842865,0.008353196084499359,0.0001
33,0.7359519600868225,0.7198584675788879,0.01609351858496666,0.0001
34,0.7153497934341431,0.7082424163818359,0.007107347249984741,0.0001
35,0.7157178521156311,0.7059329152107239,0.00978492945432663,0.0001
36,0.7151127457618713,0.7039504647254944,0.011162292212247849,0.0001
37,0.7133436799049377,0.7076091766357422,0.005734480917453766,0.0001
38,0.7062864899635315,0.7013753652572632,0.004911106079816818,0.0001
39,0.6999578475952148,0.6949617266654968,0.004996132105588913,0.0001
40,0.704765796661377,0.7014743685722351,0.0032914355397224426,0.0001
41,0.6963802576065063,0.6884468197822571,0.00793340802192688,0.0001
42,0.7031123042106628,0.6941741108894348,0.008938167244195938,0.0001
43,0.7071837782859802,0.6988306045532227,0.008353177458047867,0.0001
44,0.6955012679100037,0.6919165253639221,0.003584735095500946,0.0001
45,0.6910507678985596,0.688443124294281,0.0026076361536979675,0.0001
46,0.6967295408248901,0.6898176074028015,0.006911929696798325,0.0001
47,0.6821519136428833,0.6801929473876953,0.0019589662551879883,0.0001
48,0.6846868395805359,0.6824445724487305,0.002242259681224823,0.0001
49,0.6861821413040161,0.6830607056617737,0.0031214170157909393,0.0001
50,0.6888860464096069,0.6811212301254272,0.007764831185340881,0.0001
51,0.6751227974891663,0.6725738644599915,0.0025489255785942078,0.0001
52,0.6836957931518555,0.6811384558677673,0.0025573261082172394,0.0001
53,0.6740714907646179,0.6715558171272278,0.002515692263841629,0.0001
54,0.6773589253425598,0.6752118468284607,0.002147100865840912,0.0001
55,0.6757300496101379,0.6738128662109375,0.0019171833992004395,0.0001
56,0.6677093505859375,0.6657781600952148,0.0019311830401420593,0.0001
57,0.6652413606643677,0.6637260317802429,0.0015153475105762482,0.0001
58,0.6609323024749756,0.6596357226371765,0.001296553760766983,0.0001
59,0.6789636015892029,0.6716334819793701,0.007330100983381271,0.0001
60,0.6679019927978516,0.6667154431343079,0.0011865608394145966,0.0001
61,0.6744404435157776,0.6700617074966431,0.0043787285685539246,0.0001
62,0.6681145429611206,0.6665205359458923,0.0015940368175506592,0.0001
63,0.6660800576210022,0.6646596789360046,0.0014203861355781555,0.0001
64,0.6560869812965393,0.6553356051445007,0.0007513947784900665,0.0001
65,0.6570017337799072,0.6561475396156311,0.0008542127907276154,0.0001
66,0.6468315720558167,0.6458563208580017,0.0009752362966537476,0.0001
67,0.6538193225860596,0.6517029404640198,0.002116408199071884,0.0001
68,0.6495919823646545,0.6486634612083435,0.0009285211563110352,0.0001
69,0.6503859758377075,0.6493092775344849,0.0010766834020614624,0.0001
70,0.6470881700515747,0.645875871181488,0.0012123100459575653,0.0001
71,0.6466025710105896,0.643339991569519,0.0032625868916511536,0.0001
72,0.6447916626930237,0.6434915065765381,0.0013001449406147003,0.0001
73,0.6382133960723877,0.6372612714767456,0.0009521283209323883,0.0001
74,0.6406509280204773,0.639676570892334,0.0009743794798851013,0.0001
75,0.6391646265983582,0.6384167075157166,0.0007479041814804077,0.0001
76,0.6312287449836731,0.630425214767456,0.0008035339415073395,0.0001
77,0.6304340362548828,0.6295379400253296,0.0008961185812950134,0.0001
78,0.6315355896949768,0.6305411458015442,0.0009944252669811249,0.0001
79,0.6338962912559509,0.631547749042511,0.0023485198616981506,0.0001
80,0.6343766450881958,0.6314328908920288,0.0029437728226184845,0.0001
81,0.6252291202545166,0.6218885183334351,0.003340616822242737,0.0001
82,0.6290984749794006,0.6282854080200195,0.0008130557835102081,0.0001
83,0.6215779185295105,0.6200186014175415,0.0015593208372592926,0.0001
84,0.6293601989746094,0.6285851001739502,0.0007750727236270905,0.0001
85,0.6215761303901672,0.6206625699996948,0.0009135566651821136,0.0001
86,0.6140528917312622,0.6136309504508972,0.000421963632106781,0.0001
87,0.6249160766601562,0.6223179697990417,0.002598132938146591,0.0001
88,0.6105833649635315,0.6098783612251282,0.0007050186395645142,0.0001
89,0.6235771775245667,0.6196452379226685,0.003931939601898193,0.0001
90,0.611730694770813,0.6092295050621033,0.0025011785328388214,0.0001
91,0.6136171221733093,0.6128849983215332,0.0007321052253246307,0.0001
92,0.6009219288825989,0.5995104908943176,0.0014114417135715485,0.0001
93,0.6135717630386353,0.6119855642318726,0.001586180180311203,0.0001
94,0.5950264930725098,0.5941302180290222,0.000896260142326355,0.0001
95,0.5992926359176636,0.5929753184318542,0.006317310035228729,0.0001
96,0.5918209552764893,0.5908947587013245,0.0009262114763259888,0.0001
97,0.5946133732795715,0.5926134586334229,0.001999892294406891,0.0001
98,0.5883379578590393,0.5875346660614014,0.0008032806217670441,0.0001
99,0.5967813730239868,0.5906901955604553,0.0060911625623703,0.0001
100,0.5944156646728516,0.5902364253997803,0.0041792504489421844,0.0001
101,0.5816077589988708,0.5804141163825989,0.0011936463415622711,0.0001
102,0.5870873332023621,0.5827727317810059,0.004314597696065903,0.0001
103,0.5775648355484009,0.572695255279541,0.004869583994150162,0.0001
104,0.57599937915802,0.5752856135368347,0.0007137618958950043,0.0001
105,0.5715054869651794,0.5705022215843201,0.0010032691061496735,0.0001
106,0.5745195150375366,0.5728533864021301,0.0016660988330841064,0.0001
107,0.5680825710296631,0.5640519857406616,0.004030607640743256,0.0001
108,0.5765851736068726,0.5750921964645386,0.0014929957687854767,0.0001
109,0.5706822872161865,0.5631009340286255,0.0075813233852386475,0.0001
110,0.5483118295669556,0.5460482239723206,0.0022636204957962036,0.0001
111,0.5676022171974182,0.5658389329910278,0.0017632655799388885,0.0001
112,0.5721158981323242,0.5698941946029663,0.0022217296063899994,0.0001
113,0.5602911710739136,0.556151807308197,0.004139363765716553,0.0001
114,0.5557855367660522,0.5546998381614685,0.0010857060551643372,0.0001
115,0.5550899505615234,0.5536016821861267,0.0014882981777191162,0.0001
116,0.5490421056747437,0.5476723313331604,0.0013697817921638489,0.0001
117,0.5520049333572388,0.548179566860199,0.003825366497039795,0.0001
118,0.5461993217468262,0.5426818132400513,0.003517523407936096,0.0001
119,0.5512917041778564,0.5488431453704834,0.0024485550820827484,0.0001
120,0.5418179035186768,0.5397292971611023,0.0020886361598968506,0.0001
121,0.5376917123794556,0.536812424659729,0.0008793175220489502,0.0001
122,0.5498950481414795,0.5469740629196167,0.0029209591448307037,0.0001
123,0.5262143015861511,0.5222544074058533,0.0039598941802978516,0.0001
124,0.5335361957550049,0.5326586365699768,0.0008775480091571808,0.0001
125,0.5265940427780151,0.5246657729148865,0.0019282735884189606,0.0001
126,0.5324108004570007,0.5278299450874329,0.0045808590948581696,0.0001
127,0.5126086473464966,0.5115547180175781,0.0010539330542087555,0.0001
128,0.5278816223144531,0.5255177021026611,0.0023639053106307983,0.0001
129,0.5171003341674805,0.515780508518219,0.0013198070228099823,0.0001
130,0.5131790041923523,0.5110781192779541,0.0021008849143981934,0.0001
131,0.5080487728118896,0.5053977370262146,0.0026510246098041534,0.0001
132,0.5181609392166138,0.5154863595962524,0.002674601972103119,0.0001
133,0.5210818648338318,0.5155069828033447,0.005574855953454971,0.0001
134,0.5070266723632812,0.4958862364292145,0.011140432208776474,0.0001
135,0.5123398303985596,0.5095870494842529,0.002752784639596939,0.0001
136,0.5089523792266846,0.5031857490539551,0.005766615271568298,0.0001
137,0.5001699328422546,0.49636420607566833,0.003805704414844513,0.0001
138,0.49904218316078186,0.49626970291137695,0.0027724839746952057,0.0001
139,0.49042296409606934,0.4732567071914673,0.017166264355182648,0.0001
140,0.49310317635536194,0.46969977021217346,0.02340339869260788,0.0001
141,0.5411481857299805,0.4991229474544525,0.04202521592378616,0.0001
142,0.507673442363739,0.48169079422950745,0.025982670485973358,0.0001
143,0.47828739881515503,0.4758935570716858,0.0023938529193401337,0.0001
144,0.48633620142936707,0.4847898781299591,0.001546315848827362,0.0001
145,0.4825887382030487,0.47804632782936096,0.004542399197816849,0.0001
146,0.48413196206092834,0.4757571220397949,0.008374843746423721,0.0001
147,0.460155189037323,0.457386314868927,0.0027688592672348022,0.0001
148,0.46108487248420715,0.44872888922691345,0.012355975806713104,0.0001
149,0.4684232473373413,0.4659087657928467,0.0025144778192043304,0.0001
150,0.455177366733551,0.44863736629486084,0.0065400004386901855,0.0001
151,0.47937512397766113,0.47405508160591125,0.005320046097040176,0.0001
152,0.43744149804115295,0.43439778685569763,0.0030437037348747253,0.0001
153,0.45676982402801514,0.4509228467941284,0.005846988409757614,0.0001
154,0.44198399782180786,0.43715545535087585,0.004828542470932007,0.0001
155,0.44162529706954956,0.4373469352722168,0.004278354346752167,0.0001
156,0.4497256278991699,0.4349740147590637,0.014751624315977097,0.0001
157,0.4364503026008606,0.4328263998031616,0.0036239176988601685,0.0001
158,0.4428771734237671,0.43414485454559326,0.00873231515288353,0.0001
159,0.4394344389438629,0.42743322253227234,0.01200120523571968,0.0001
160,0.4338268041610718,0.41350412368774414,0.020322680473327637,0.0001
161,0.42305120825767517,0.4152904152870178,0.007760785520076752,0.0001
162,0.4364006519317627,0.4291234314441681,0.007277235388755798,0.0001
163,0.409451961517334,0.4030410051345825,0.006410971283912659,0.0001
164,0.4063818156719208,0.39260292053222656,0.01377890631556511,0.0001
165,0.3962661623954773,0.373871773481369,0.02239440381526947,0.0001
166,0.42170846462249756,0.40836668014526367,0.013341784477233887,0.0001
167,0.3902221620082855,0.38254642486572266,0.007675744593143463,0.0001
168,0.38871893286705017,0.3831966817378998,0.005522262305021286,0.0001
169,0.38759440183639526,0.3809579610824585,0.006636429578065872,0.0001
170,0.3887108564376831,0.38064202666282654,0.008068829774856567,0.0001
171,0.3732456564903259,0.35963746905326843,0.013608187437057495,0.0001
172,0.36782509088516235,0.35360848903656006,0.014216598123311996,0.0001
173,0.3555587828159332,0.34643223881721497,0.009126540273427963,0.0001
174,0.3801514804363251,0.3646482527256012,0.015503227710723877,0.0001
175,0.36550506949424744,0.349016010761261,0.016489069908857346,0.0001
176,0.342129111289978,0.3338702619075775,0.008258834481239319,0.0001
177,0.3185957074165344,0.300304651260376,0.018291044980287552,0.0001
178,0.3342784643173218,0.3225180208683014,0.011760454624891281,0.0001
179,0.33917319774627686,0.32321712374687195,0.01595607027411461,0.0001
180,0.3158756494522095,0.30791905522346497,0.007956601679325104,0.0001
181,0.3188629150390625,0.2990741431713104,0.019788779318332672,0.0001
182,0.3361537754535675,0.2982747554779053,0.03787901997566223,0.0001
183,0.33568018674850464,0.29076164960861206,0.044918544590473175,0.0001
184,0.28115513920783997,0.2675072252750397,0.013647902756929398,0.0001
185,0.30845075845718384,0.2877962589263916,0.020654503256082535,0.0001
186,0.29439684748649597,0.2822631001472473,0.012133736163377762,0.0001
187,0.29999783635139465,0.28471311926841736,0.01528472825884819,0.0001
188,0.3010353446006775,0.27668678760528564,0.02434854581952095,0.0001
189,0.3049651086330414,0.29379257559776306,0.011172525584697723,0.0001
190,0.25883182883262634,0.25024402141571045,0.008587811142206192,0.0001
191,0.28228017687797546,0.2669353485107422,0.015344817191362381,0.0001
192,0.25207582116127014,0.2353879064321518,0.016687922179698944,0.0001
193,0.2664056718349457,0.2481200098991394,0.018285658210515976,0.0001
194,0.24194547533988953,0.22934004664421082,0.012605428695678711,0.0001
195,0.22214746475219727,0.21379029750823975,0.008357174694538116,0.0001
196,0.24853432178497314,0.23778852820396423,0.010745801031589508,0.0001
197,0.19606195390224457,0.17614679038524628,0.01991516724228859,0.0001
198,0.21390171349048615,0.19116008281707764,0.022741634398698807,0.0001
199,0.16482220590114594,0.1564503014087677,0.008371908217668533,0.0001
200,0.206434965133667,0.1964377611875534,0.009997207671403885,0.0001
201,0.25457289814949036,0.23931542038917542,0.01525748148560524,0.0001
202,0.189808189868927,0.17812415957450867,0.011684034019708633,0.0001
203,0.14913971722126007,0.1353551149368286,0.013784602284431458,0.0001
204,0.16194681823253632,0.15554265677928925,0.006404157727956772,0.0001
205,0.18781518936157227,0.16446025669574738,0.02335493639111519,0.0001
206,0.18040278553962708,0.16565220057964325,0.014750592410564423,0.0001
207,0.14318373799324036,0.13261176645755768,0.010571971535682678,0.0001
208,0.13708020746707916,0.11942321807146072,0.01765698939561844,0.0001
209,0.1544322669506073,0.13339649140834808,0.021035775542259216,0.0001
210,0.15850043296813965,0.12213895469903946,0.036361485719680786,0.0001
211,0.12639857828617096,0.11630479246377945,0.01009378582239151,0.0001
212,0.15780022740364075,0.1288529336452484,0.028947286307811737,0.0001
213,0.1364476978778839,0.1202874630689621,0.01616024225950241,0.0001
214,0.12613743543624878,0.11656954139471054,0.009567901492118835,0.0001
215,0.1571006029844284,0.12333889305591583,0.03376171365380287,0.0001
216,0.1390487253665924,0.11234888434410095,0.026699837297201157,0.0001
217,0.18515858054161072,0.11180557310581207,0.07335300743579865,0.0001
218,0.09210389107465744,0.07364164292812347,0.018462248146533966,0.0001
219,0.12873291969299316,0.10383898764848709,0.024893924593925476,0.0001
220,0.10227500647306442,0.08080868422985077,0.021466322243213654,0.0001
221,0.1142878606915474,0.08054761588573456,0.033740244805812836,0.0001
222,0.1285414695739746,0.11646347492933273,0.012078002095222473,0.0001
223,0.08008524775505066,0.07299488037824631,0.007090367376804352,0.0001
224,0.09944035112857819,0.0924035832285881,0.007036767899990082,0.0001
225,0.11092813313007355,0.08351737260818481,0.027410760521888733,0.0001
226,0.10340356826782227,0.08833590894937515,0.015067659318447113,0.0001
227,0.08772869408130646,0.07171630859375,0.01601238176226616,0.0001
228,0.09247350692749023,0.08180055767297745,0.010672952979803085,0.0001
229,0.11662343144416809,0.10532837361097336,0.011295054107904434,0.0001
230,0.10139964520931244,0.09020539373159409,0.011194247752428055,0.0001
231,0.06870238482952118,0.06392738223075867,0.004774998873472214,0.0001
232,0.06816047430038452,0.056574370712041855,0.011586103588342667,0.0001
233,0.07104867696762085,0.05871080234646797,0.012337878346443176,0.0001
234,0.0827561765909195,0.07601868361234665,0.006737489253282547,0.0001
235,0.0747859925031662,0.05774634703993797,0.017039649188518524,0.0001
236,0.10022900253534317,0.08062782138586044,0.019601181149482727,0.0001
237,0.10430650413036346,0.08182349801063538,0.02248300611972809,0.0001
238,0.06173147261142731,0.04459058493375778,0.017140887677669525,0.0001
239,0.07680118083953857,0.06140317767858505,0.015398003160953522,0.0001
240,0.09182122349739075,0.07280395925045013,0.019017260521650314,0.0001
241,0.06339181959629059,0.0395919531583786,0.02379986271262169,0.0001
242,0.12209323793649673,0.07746800780296326,0.04462523013353348,0.0001
243,0.14756372570991516,0.048091914504766464,0.099471814930439,0.0001
244,0.09941279888153076,0.07885660231113434,0.020556196570396423,0.0001
245,0.06602577865123749,0.057622313499450684,0.008403468877077103,0.0001
246,0.11202456057071686,0.07462894171476364,0.037395622581243515,0.0001
247,0.06731797754764557,0.04878874123096466,0.018529240041971207,0.0001
248,0.06723327934741974,0.045547373592853546,0.02168590947985649,0.0001
249,0.09202457964420319,0.06088654324412346,0.031138040125370026,0.0001
250,0.05294320732355118,0.028738481923937798,0.02420472353696823,0.0001
251,0.13448172807693481,0.09009876847267151,0.04438295215368271,0.0001
252,0.07270818948745728,0.04830499738454819,0.024403195828199387,0.0001
253,0.05445511266589165,0.03766481578350067,0.016790296882390976,0.0001
254,0.045968011021614075,0.032573167234659195,0.01339484378695488,0.0001
255,0.08920197933912277,0.08057475835084915,0.00862722098827362,0.0001
256,0.07835020124912262,0.06551393866539001,0.012836258858442307,0.0001
257,0.05502045154571533,0.03382422775030136,0.02119622379541397,0.0001
258,0.09668469429016113,0.07575695216655731,0.02092774584889412,0.0001
259,0.046711213886737823,0.03574422001838684,0.010966993868350983,0.0001
260,0.050118930637836456,0.04250270500779152,0.007616225630044937,0.0001
261,0.03309597074985504,0.02794654108583927,0.005149431526660919,0.0001
262,0.061146561056375504,0.050171684473752975,0.010974876582622528,0.0001
263,0.07118525356054306,0.045701105147600174,0.025484148412942886,0.0001
264,0.05886922776699066,0.03457271680235863,0.024296510964632034,0.0001
265,0.0808647871017456,0.057867396622896194,0.022997386753559113,0.0001
266,0.03563921898603439,0.030057581141591072,0.0055816397070884705,0.0001
267,0.08508145809173584,0.06817810982465744,0.0169033445417881,0.0001
268,0.07463870197534561,0.07141825556755066,0.0032204464077949524,0.0001
269,0.039050668478012085,0.029001323506236076,0.01004934310913086,0.0001
270,0.05279362574219704,0.043091487139463425,0.009702138602733612,0.0001
271,0.08129134774208069,0.062281060963869095,0.019010290503501892,0.0001
272,0.04622350633144379,0.03559889644384384,0.010624609887599945,0.0001
273,0.0847683846950531,0.061748240143060684,0.023020140826702118,0.0001
274,0.09105874598026276,0.08462410420179367,0.006434638053178787,0.0001
275,0.08355540037155151,0.07221520692110062,0.011340189725160599,0.0001
276,0.06757253408432007,0.06152060627937317,0.006051924079656601,0.0001
277,0.08787228167057037,0.08367472141981125,0.004197556525468826,0.0001
278,0.1389625519514084,0.0747365653514862,0.06422598659992218,0.0001
279,0.0742390900850296,0.06442712992429733,0.00981195643544197,0.0001
280,0.0806124210357666,0.03670484200119972,0.04390758275985718,0.0001
281,0.09339269250631332,0.07158128172159195,0.021811410784721375,0.0001
282,0.048915665596723557,0.03672004118561745,0.01219562441110611,0.0001
283,0.12993720173835754,0.08672940731048584,0.043207790702581406,0.0001
284,0.04697391018271446,0.04309241473674774,0.0038814954459667206,0.0001
285,0.05072696506977081,0.02570430003106594,0.025022663176059723,0.0001
286,0.06799755990505219,0.05463527515530586,0.013362288475036621,0.0001
287,0.05470777675509453,0.04835427924990654,0.006353497505187988,0.0001
288,0.10875673592090607,0.09724900871515274,0.011507727205753326,0.0001
289,0.07490605860948563,0.05373002216219902,0.021176036447286606,0.0001
290,0.07665655016899109,0.06594057381153107,0.01071598008275032,0.0001
291,0.07638421654701233,0.06363334506750107,0.012750867754220963,0.0001
292,0.050699785351753235,0.04433862492442131,0.0063611604273319244,0.0001
293,0.032993242144584656,0.023582616820931435,0.00941062718629837,0.0001
294,0.06115058436989784,0.049129050225019455,0.012021534144878387,0.0001
295,0.038636986166238785,0.028782159090042114,0.00985482707619667,0.0001
296,0.07549110054969788,0.030714312568306923,0.0447767898440361,0.0001
297,0.03106662817299366,0.025588558986783028,0.005478069186210632,0.0001
298,0.08942262828350067,0.056144993752241135,0.03327763080596924,0.0001
299,0.03895945847034454,0.027436355128884315,0.011523101478815079,0.0001
300,0.0544792003929615,0.047815583646297455,0.006663616746664047,0.0001
301,0.08996106684207916,0.07780218869447708,0.012158874422311783,0.0001
302,0.14232654869556427,0.11037267744541168,0.03195387125015259,0.0001
303,0.05516718327999115,0.043654393404722214,0.011512789875268936,0.0001
304,0.047319091856479645,0.032734502106904984,0.014584589749574661,0.0001
305,0.041891999542713165,0.023224662989377975,0.01866733655333519,0.0001
306,0.08103229105472565,0.06843453645706177,0.01259775459766388,0.0001
307,0.058623068034648895,0.048041075468063354,0.01058199256658554,0.0001
308,0.08255022019147873,0.06283805519342422,0.019712164998054504,0.0001
309,0.07220278680324554,0.06676752120256424,0.005435269325971603,0.0001
310,0.06511210650205612,0.052425168454647064,0.012686938047409058,0.0001
311,0.08281262218952179,0.0719246193766594,0.010888006538152695,0.0001
312,0.06341594457626343,0.041601695120334625,0.021814249455928802,0.0001
313,0.07128839194774628,0.038783375173807144,0.032505013048648834,0.0001
314,0.07329317927360535,0.06076613813638687,0.012527044862508774,0.0001
315,0.04172779992222786,0.037744469940662384,0.0039833299815654755,0.0001
316,0.08943206071853638,0.08455092459917068,0.004881139844655991,0.0001
317,0.045793529599905014,0.04109387472271919,0.0046996548771858215,0.0001
318,0.045096505433321,0.03090190887451172,0.01419459655880928,0.0001
319,0.142934650182724,0.13409988582134247,0.00883476436138153,0.0001
320,0.05400533974170685,0.03314194455742836,0.020863395184278488,0.0001
321,0.09006085991859436,0.06681039929389954,0.023250460624694824,0.0001
322,0.05066867172718048,0.041865650564432144,0.008803021162748337,0.0001
323,0.05616754665970802,0.04297913983464241,0.013188406825065613,0.0001
324,0.0849200189113617,0.07576192170381546,0.009158093482255936,0.0001
325,0.04830639436841011,0.03634904325008392,0.011957351118326187,0.0001
326,0.03558965027332306,0.02583555318415165,0.009754098951816559,0.0001
327,0.04276048392057419,0.026521770283579826,0.01623871549963951,0.0001
328,0.0794907808303833,0.0678526982665062,0.011638086289167404,0.0001
329,0.08527939021587372,0.06605519354343414,0.019224200397729874,0.0001
330,0.09502668678760529,0.08055879175662994,0.01446789875626564,0.0001
331,0.1461900919675827,0.09701324254274368,0.04917685315012932,0.0001
332,0.06497561931610107,0.046456433832645416,0.01851918175816536,0.0001
333,0.07923442870378494,0.043555811047554016,0.035678617656230927,0.0001
334,0.09357566386461258,0.06917809695005417,0.02439756691455841,0.0001
335,0.03171555697917938,0.025596801191568375,0.006118755787611008,0.0001
336,0.055338505655527115,0.0488293319940567,0.006509173661470413,0.0001
337,0.03263162821531296,0.02280840463936329,0.00982322171330452,0.0001
338,0.06147988885641098,0.050958406180143356,0.010521482676267624,0.0001
339,0.03454458713531494,0.02835235930979252,0.0061922259628772736,0.0001
340,0.03866898640990257,0.03147544711828232,0.0071935392916202545,0.0001
341,0.0827510803937912,0.07348725944757462,0.009263817220926285,0.0001
342,0.13486717641353607,0.12700112164020538,0.007866058498620987,0.0001
343,0.05686763674020767,0.05053110420703888,0.006336532533168793,0.0001
344,0.0864575207233429,0.07983192056417465,0.006625596433877945,0.0001
345,0.04525533318519592,0.03877926990389824,0.006476063281297684,0.0001
346,0.04050258547067642,0.0358051061630249,0.00469747930765152,0.0001
347,0.04348904266953468,0.03343440964818001,0.010054633021354675,0.0001
348,0.09784302115440369,0.08895233273506165,0.008890684694051743,0.0001
349,0.05308082327246666,0.04998162016272545,0.003099203109741211,0.0001
350,0.03592047840356827,0.03073415905237198,0.005186319351196289,0.0001
351,0.03752322867512703,0.03425886109471321,0.0032643675804138184,0.0001
352,0.044914260506629944,0.04256491735577583,0.0023493431508541107,0.0001
353,0.04261239618062973,0.04034698009490967,0.0022654160857200623,0.0001
354,0.04968632012605667,0.04558101296424866,0.004105307161808014,0.0001
355,0.04476730898022652,0.04218420386314392,0.002583105117082596,0.0001
356,0.047932785004377365,0.04428482428193092,0.0036479607224464417,0.0001
357,0.030303968116641045,0.018795398995280266,0.011508569121360779,0.0001
358,0.03672710433602333,0.033026475459337234,0.003700628876686096,0.0001
359,0.06427048146724701,0.057030800729990005,0.007239680737257004,0.0001
360,0.058541152626276016,0.05582073703408241,0.0027204155921936035,0.0001
361,0.05911679565906525,0.05611021816730499,0.003006577491760254,0.0001
362,0.044626232236623764,0.04081808403134346,0.003808148205280304,0.0001
363,0.051199011504650116,0.043115124106407166,0.00808388739824295,0.0001
364,0.11064715683460236,0.10548748075962067,0.0051596760749816895,0.0001
365,0.09266135096549988,0.08546435832977295,0.007196996361017227,0.0001
366,0.0818251222372055,0.0723780021071434,0.009447116404771805,0.0001
367,0.03958690166473389,0.03484100103378296,0.004745900630950928,0.0001
368,0.06781761348247528,0.06179386377334595,0.0060237497091293335,0.0001
369,0.06771764159202576,0.062387414276599884,0.005330223590135574,0.0001
370,0.0606437548995018,0.0580042339861393,0.002639520913362503,0.0001
371,0.0454314686357975,0.03935188800096512,0.006079580634832382,0.0001
372,0.042357612401247025,0.03690822422504425,0.005449388176202774,0.0001
373,0.044411130249500275,0.040229231119155884,0.004181899130344391,0.0001
374,0.022335141897201538,0.0183173306286335,0.004017811268568039,0.0001
375,0.06385699659585953,0.057691022753715515,0.0061659738421440125,0.0001
376,0.029907381162047386,0.025705115869641304,0.004202265292406082,0.0001
377,0.12603628635406494,0.1187080517411232,0.007328242063522339,0.0001
378,0.09473700076341629,0.08304253965616226,0.011694461107254028,0.0001
379,0.0497748926281929,0.04368317499756813,0.006091717630624771,0.0001
380,0.06983125954866409,0.06713318079710007,0.002698078751564026,0.0001
381,0.0291735902428627,0.025427699089050293,0.0037458911538124084,0.0001
382,0.10742807388305664,0.09689155220985413,0.010536521673202515,0.0001
383,0.08324898034334183,0.07520689070224762,0.008042089641094208,0.0001
384,0.06769009679555893,0.06386599689722061,0.003824099898338318,0.0001
385,0.09418320655822754,0.0764443576335907,0.01773885264992714,0.0001
386,0.06933361291885376,0.05734210088849068,0.011991508305072784,0.0001
387,0.02809889055788517,0.02451925538480282,0.0035796351730823517,0.0001
388,0.02376757189631462,0.016613271087408066,0.007154300808906555,0.0001
389,0.09932881593704224,0.09072433412075043,0.008604485541582108,0.0001
390,0.040560513734817505,0.03885938599705696,0.0017011277377605438,0.0001
391,0.05786408111453056,0.054701127111911774,0.0031629540026187897,0.0001
392,0.0277059655636549,0.021467985585331917,0.006237979978322983,0.0001
393,0.050266724079847336,0.04771329089999199,0.0025534331798553467,0.0001
394,0.07215432822704315,0.0683467909693718,0.0038075335323810577,0.0001
395,0.06571634113788605,0.06332716345787048,0.0023891739547252655,0.0001
396,0.05314198508858681,0.04939073696732521,0.0037512481212615967,0.0001
397,0.050504885613918304,0.0481104701757431,0.0023944154381752014,0.0001
398,0.028495779260993004,0.026681317016482353,0.0018144622445106506,0.0001
399,0.057498760521411896,0.0551672987639904,0.0023314617574214935,0.0001
400,0.03965986892580986,0.03793500363826752,0.0017248652875423431,0.0001
401,0.030031053349375725,0.024083582684397697,0.005947470664978027,0.0001
402,0.030186697840690613,0.02375386655330658,0.006432831287384033,0.0001
403,0.04406862333416939,0.040790535509586334,0.0032780878245830536,0.0001
404,0.058121662586927414,0.04950711876153946,0.008614543825387955,0.0001
405,0.04994567111134529,0.04807496815919876,0.0018707029521465302,0.0001
406,0.03186164051294327,0.03019593469798565,0.0016657039523124695,0.0001
407,0.05151605233550072,0.04389740526676178,0.007618647068738937,0.0001
408,0.03562479466199875,0.0331236869096756,0.0025011077523231506,0.0001
409,0.026403261348605156,0.02360249124467373,0.002800770103931427,0.0001
410,0.05323546752333641,0.04083365947008133,0.012401808053255081,0.0001
411,0.031295184046030045,0.019756026566028595,0.01153915748000145,0.0001
412,0.039694927632808685,0.03668788820505142,0.003007039427757263,0.0001
413,0.04227165877819061,0.03645620495080948,0.005815453827381134,0.0001
414,0.061930399388074875,0.05931810662150383,0.002612292766571045,0.0001
415,0.06603914499282837,0.06558459997177124,0.00045454129576683044,0.0001
416,0.026718169450759888,0.023910321295261383,0.0028078481554985046,0.0001
417,0.06377555429935455,0.061631135642528534,0.002144414931535721,0.0001
418,0.0346686877310276,0.03203464299440384,0.002634044736623764,0.0001
419,0.05205824598670006,0.049721039831638336,0.002337206155061722,0.0001
420,0.08420594036579132,0.08315137773752213,0.0010545626282691956,0.0001
421,0.04243258014321327,0.03989414498209953,0.002538435161113739,0.0001
422,0.052177365869283676,0.0487484447658062,0.003428921103477478,0.0001
423,0.04478117823600769,0.042290687561035156,0.002490490674972534,0.0001
424,0.10355889797210693,0.10121072828769684,0.002348169684410095,0.0001
425,0.033391762524843216,0.03206966444849968,0.0013220980763435364,0.0001
426,0.03234931826591492,0.028173020109534264,0.004176300019025803,0.0001
427,0.06992790102958679,0.0636216327548027,0.00630626454949379,0.0001
428,0.04001573473215103,0.0377357043325901,0.0022800303995609283,0.0001
429,0.020436160266399384,0.019371818751096725,0.001064341515302658,0.0001
430,0.05107604339718819,0.04735783487558365,0.003718208521604538,0.0001
431,0.0289715975522995,0.02647731453180313,0.0024942830204963684,0.0001
432,0.04433126747608185,0.042923856526613235,0.0014074109494686127,0.0001
433,0.06887466460466385,0.066851906478405,0.00202275812625885,0.0001
434,0.0604298897087574,0.05597026273608208,0.0044596269726753235,0.0001
435,0.02887672744691372,0.027462979778647423,0.0014137476682662964,0.0001
436,0.022810041904449463,0.021714307367801666,0.0010957345366477966,0.0001
437,0.023711202666163445,0.02195565216243267,0.001755550503730774,0.0001
438,0.07172055542469025,0.06802845001220703,0.003692109137773514,0.0001
439,0.04072020575404167,0.03861010819673538,0.0021100975573062897,0.0001
440,0.04863116517663002,0.04430713504552841,0.004324030131101608,0.0001
441,0.042091887444257736,0.04065951704978943,0.0014323703944683075,0.0001
442,0.08953984081745148,0.08805615454912186,0.001483682543039322,0.0001
443,0.05350472778081894,0.04749295115470886,0.006011776626110077,0.0001
444,0.06722160428762436,0.061651114374399185,0.005570489913225174,0.0001
445,0.046585433185100555,0.039768707007169724,0.006816726177930832,0.0001
446,0.03446235507726669,0.02514294721186161,0.009319409728050232,0.0001
447,0.055850520730018616,0.051096271723508835,0.004754249006509781,0.0001
448,0.058523014187812805,0.049885306507349014,0.008637707680463791,0.0001
449,0.07467147707939148,0.058788493275642395,0.015882987529039383,0.0001
450,0.02612161822617054,0.02448405884206295,0.0016375593841075897,0.0001
451,0.04262335225939751,0.031505972146987915,0.011117380112409592,0.0001
452,0.07113875448703766,0.06777410954236984,0.003364644944667816,0.0001
453,0.01471858099102974,0.013269897550344467,0.0014486834406852722,0.0001
454,0.025284798815846443,0.016570383682847023,0.00871441513299942,0.0001
455,0.05052094906568527,0.04216502979397774,0.008355919271707535,0.0001
456,0.03263556957244873,0.02824479527771473,0.004390772432088852,0.0001
457,0.03820762783288956,0.025449370965361595,0.012758255004882812,0.0001
458,0.02298247441649437,0.016085296869277954,0.006897177547216415,0.0001
459,0.049334414303302765,0.037854716181755066,0.011479698121547699,0.0001
460,0.05843043327331543,0.04872690513730049,0.009703528136014938,0.0001
461,0.03946097195148468,0.037170954048633575,0.0022900179028511047,0.0001
462,0.04485943540930748,0.03712696582078934,0.007732469588518143,0.0001
463,0.05435448884963989,0.048139359802007675,0.006215129047632217,0.0001
464,0.0459129624068737,0.043896134942770004,0.0020168274641036987,0.0001
465,0.038268499076366425,0.03395934775471687,0.004309149459004402,0.0001
466,0.042086921632289886,0.0366666205227375,0.005420301109552383,0.0001
467,0.05271988362073898,0.05150432139635086,0.0012155622243881226,0.0001
468,0.025415420532226562,0.023188814520835876,0.002226606011390686,0.0001
469,0.07113973796367645,0.06578690558671951,0.005352828651666641,0.0001
470,0.014379442669451237,0.012353685684502125,0.002025756984949112,0.0001
471,0.05604900047183037,0.048011939972639084,0.008037060499191284,0.0001
472,0.04068843275308609,0.032328177243471146,0.008360255509614944,0.0001
473,0.026346297934651375,0.0226727481931448,0.0036735497415065765,0.0001
474,0.034760959446430206,0.03299728035926819,0.0017636790871620178,0.0001
475,0.029879987239837646,0.023126982152462006,0.006753005087375641,0.0001
476,0.05971823260188103,0.05272889882326126,0.006989333778619766,0.0001
477,0.053826913237571716,0.049086011946201324,0.004740901291370392,0.0001
478,0.05224147066473961,0.04475324600934982,0.007488224655389786,0.0001
479,0.04309553653001785,0.0308910571038723,0.012204479426145554,0.0001
480,0.025993751361966133,0.022117802873253822,0.003875948488712311,0.0001
481,0.039597995579242706,0.026768101379275322,0.012829892337322235,0.0001
482,0.10047267377376556,0.0899127870798111,0.01055988296866417,0.0001
483,0.030169352889060974,0.02553844451904297,0.004630908370018005,0.0001
484,0.08248689770698547,0.07110823690891266,0.011378657072782516,0.0001
485,0.042639702558517456,0.02386743202805519,0.018772270530462265,0.0001
486,0.028736431151628494,0.026063494384288788,0.0026729367673397064,0.0001
487,0.049190178513526917,0.03962557390332222,0.009564604610204697,0.0001
488,0.03214866667985916,0.02526201494038105,0.006886649876832962,0.0001
489,0.06241529434919357,0.05759050324559212,0.004824791103601456,0.0001
490,0.06396984308958054,0.05643600970506668,0.007533833384513855,0.0001
491,0.02589115872979164,0.01946292072534561,0.00642823800444603,0.0001
492,0.0823306143283844,0.07253450155258179,0.009796109050512314,0.0001
493,0.08605385571718216,0.08118638396263123,0.004867471754550934,0.0001
494,0.05769858881831169,0.05329637974500656,0.00440220907330513,0.0001
495,0.055592361837625504,0.0477609857916832,0.007831376045942307,0.0001
496,0.040415652096271515,0.03413553908467293,0.006280113011598587,0.0001
497,0.04809482768177986,0.043392378836870193,0.004702448844909668,0.0001
498,0.1047736406326294,0.019800405949354172,0.08497323095798492,0.0001
499,0.09371747821569443,0.07394567131996155,0.01977180689573288,0.0001
500,0.05488798767328262,0.02119949646294117,0.0336884930729866,0.0001
